FindMyTemple_ID,Temple_Name,District,City,Taluk,Pincode,Main_Deity,Best_Match_ID,Best_Match_Name,Match_Score,Match_District
t181,Aabathsahayeswarar Temple,Tanjore,Aduthurai,,612204,Sri Aabathsahayeswarar,TM018106,Arulmigu Aabathsagayeswara Swamy Temple,66.8,Thanjavur District
t159,Aadhikumbeswara Swamy Temple,Thanjavur,Kumbakonam,,612001,Sri Aadhikumbeswarar,TM018019,Arulmigu Aadhikumbeswaraswamy Temple,78.5,Thanjavur District
t163,Aadhi Kambatta Viswanathar Temple,Thanjavur,Kumbakonam,,,Sri Aadhi kambatta Viswanathar Swamy (Form of Shiva),TM018509,Arulmigu Aathekambataviswanathar Temple,71.4,Thanjavur District
t47,Aaludayar Temple,Tiruchirappalli,Uyyakondan Thirumalai,,,"Aaludayaar (Shiva) in Linga form, 8.5 feet high",TM026345,Arulmigu Palaniyandavar Temple,51.3,Thiruchirappalli District
t276,Aathmanaatheswarar Temple,Thanjavur,Tiruvalampolil,,613103,"Aathmanaatheswarar, Vadamooleswarar",TM014109,Arulmigu Abayavaratheswarar Temple,46.7,Thanjavur District
t57,Athmanathar Temple,Pudukkottai,Avudaiyarkoil,,614 618,Athmanathaswamy,TM026099,Arulmigu Gananathar Temple,45.7,Pudukkottai District
t271,Abathsahayeswarar Temple,Nagapattinam,Ponnur,,609203,"Abathsahayeswarar, Ligusaranyeswarar, Agneeswarar, Pandathaveswarar",TM014690,Arulmigu Abathsahayaeswarar Temple,58.3,Nagapattinam District
t213,Amirthavalli and Abimugeshar Temple,Tanjore,Kumbakonam,,,Shri Abimugeshar,TM018687,Arulmigu Chidambaram Chettiyarkattalai Attached Arulmigu Abimukeshwarer Temple,49.3,Thanjavur District
t1,Anandhavalli Udaltherai Sri Agastheeswarar Temple,Trichy,Perugamani,,,Sri Agastheeswarar (Lord Shiva),TM027238,Arulmigu Agastheeswarar Temple,50.0,Thiruchirappalli District
t229,Agneeswaraswamy (Shukra) Temple,Tanjore,Kanjanur,,609 804,Sri Agneeswarar,TM014190,Arulmigu Agneeswara Swamy Temple,45.0,Thanjavur District
t275,Agneeswarar Temple,Thanjavur,Thirukattupalli,,613104,"Agneeswarar, Theeyadiappar",TM018039,Arulmigu Akneeswarar Temple,54.5,Thanjavur District
t94,Agneeswara Swamy Temple,Nagai District,Thirupugalur,,609 704,"Agneeswarar, Saranyapureeswarar, Konapiran",,,0,
t197,Airavatheeswarar Temple,Kumbakonam,Darasuram,,612702,Airavatheeswara (Airavatham),,,0,
t123,Alanduraiyar Temple,Ariyalur,Keezhapalur,,621707,"Sri Alanduraiyar (Vadamoolanadhar, Yogavaneswarar)",TM025256,Arulmigu Alanthuraiyar Temple,52.8,Ariyalur District
t222,Abath Sagayeswarar(Guru) Temple,Thiruvarur,Alangudi,,612801,Abath Sagayeswarar,TM014252,Arulmigu Abathsagayeswaraswamy Temple,62.7,Thiruvarur District
t232,Amirdhagadeswarar Swamy Temple,Nagapattinam,Thirukadaiyur,,609311,Sri Amirdhagadeswarar Swamy,TM015791,Arulmigu Arunachaleswarar Swamy Temple,45.3,Nagapattinam District
t174,Amirdhagadeswarar Swamy Temple,Thanjavur,Sakkottai,,612 401,Sri Amirdhagadeswarar Swamy,TM018087,Arulmigu Amirthakalasanatha Swamy Temple,60.9,Thanjavur District
t18,Amravaneswarar Temple,Trichy,Mandurai,,621 703,Sri Amravaneswarar,TM025766,Arulmigu Ambaravanaswarar Temple,52.0,Thiruchirappalli District
t6,Analadeeswarar Temple,Trichy,Thottiyam,,,Analadeeswarar (Lord Shiva),TM025842,Arulmigu Analadeeswerer Temple,71.4,Thiruchirappalli District
t243,Annamalaiyar Temple,,Thiruvannamalai,,606601,Annamalaiyar (aka Arunachaleswarar),TM002123,Arulmigu Annamalaiyar Temple,60.0,Tiruvallur District
t285,Apathsahayar Temple,Tanjore,,Thiruvaiyaru,,Apathsahayar,TM018001,Arulmigu Abathsagayeswarar Temple,41.4,Thanjavur District
t59,Arangulanathar Temple,Pudukkottai,,,,Arungulanathar,TM025412,Arulmigu Aadanganaathar Temple,47.1,Pudukkottai District
t29,Arasankudi Shiva Temple,Trichy,,,,Lord Shiva,TM028409,Arulmigu Malayandi Sivan Temple,42.6,Thiruchirappalli District
t221,Artha Nareeswarar Temple,,,,,Artha Nareeswarar,TM000521,Arulmigu Arthanareeswarar Temple,58.2,Chennai District
t177,Arunajadeswarar Temple,,,,,Sri ArunajadeswaraSwamy,TM032960,Arulmigu Arunasaleswarar Temple,52.0,Madurai District
t187,Balukandanadha Swamy Temple,Tanjore,,,,Sri Balukandanadha Swamy,TM018112,Arulmigu Balukanthanatha Swamy Temple,52.7,Thanjavur District
t120,Bhoothalingaswamy Temple,,,,,"Bhootha Linga Swamy, Sivagami Ambal",TM038680,Arulmigu Boothalingaswamy Temple,58.2,Kanyakumari District
t9,Brahmapureeswarar Temple,Trichy,,,,Brahmapureeswarar,TM044913,Arulmigu Biramapureeshwarar Temple,54.9,Thiruchirappalli District
t190,Brahmapureeswarar Temple,,,,,Shri Brahmapureeswarar,TM014164,Arulmigu  Brahmapureeswarar  Temple,60.0,Thanjavur District
t14,Brahma Sira Kandeeswarar Temple,Thanjavur,Thirukkandiyur,,,Brahma Sira Kandeeswarar,TM044752,Arulmigu Brammanandheeswarar Temple,44.7,Thanjavur District
t124,Brihadiswara Temple,,,,,Brihadeeswarar,TM025888,Arulmigu Raviswarar Temple,43.6,Thiruchirappalli District
t227,Kailasa Nathar Temple,Tanjore,,,,Kailasa Nathar,TM014049,Arulmigu Kailasanathar Temple,57.8,Thanjavur District
t30,Chandrasekhara Swamy Temple,,,,,"Chandrasekhara Swamy, Nandi",TM020957,Arulmigu Chandrasekara Swamy Temple,58.5,Cuddalore District
t131,Chidambaram Natarajar Temple,Cuddalore,Chidambaram,,,Natarajar,TM022160,Arulmigu Utchikala Kattalai,50.8,Cuddalore District
t180,Dharmapureeswarar Temple,,,,,Sri Dharmapureeswarar,TM016059,Arulmigu Dharmapureeswarar Temple,60.0,Nagapattinam District
t73,Ekambareswarar Temple,,,,,Ekambareswarar,TM000169,Arulmigu Ekambareswarar Temple,60.0,Chennai District
t41,Erumbeeswarar Temple,Trichy,Thiruverumbur,,,Erumbeeswarar,TM025784,Arulmigu Erumbeeswarar Temple,60.0,Thiruchirappalli District
t233,Ezhuthari Nadheswarar Temple,Tanjore,,,,Sri Ezhutharinadar,TM014149,Arulmigu Othanaeswarar Temple,42.4,Thanjavur District
t141,Immayilum Nanmai Tharuvar Temple,,,,,Immayilum Nanmai Tharuvar,TM036133,Arulmigu Immayilum Nanmai Tharuvar Temple,60.0,Madurai District
t40,Jambhukeswarar Temple,,,,,Jambukeswarar,TM009026,Arulmigu Jambukeswarar Temple,57.8,Namakkal District
t77,Sundrambigai Sametha Kachabeshvarar Temple,Kanchipuram District,Kanchipuram,,,Sri Kachabeswarar,,,0,
t207,Kailasanathar Temple,Thanjavur,Senganur,,,Kailasanathar (Lord Shiva),TM014049,Arulmigu Kailasanathar Temple,60.0,Thanjavur District
t164,Kalahastheeswarar Temple,Thanjavur,Kumbakonam,,,Sri Kalahastheeswara Swamy (Form of SHIVA),TM018100,Arulmigu Kalahastheeswara Swamy Temple,69.2,Thanjavur District
t273,Kala Natha Swamy Temple,Kumbakonam,Kollumangudi,,,Kala Natha Swamy (Lord Shiva),,,0,
t101,Kalyana Pasupatheeswarar Temple,Karur,Karur,,,"Kalyana Pasupatheeswarar, Aanilayappar, Pasupathi Nathar",TM025328,Arulmigu Kalyana Pasupatheeswara Swamy Temple,72.1,Karur District
t258,Kalyanasundareswarar Temple,Nagapattinam,Thiruvelvikudi,,,"Kalyana sundareswarar (Manavaleswarar), Koudukeswarar",TM014552,Arulmigu Sundhareswarar Temple,45.9,Nagapattinam District
t184,Kambahareswarar Temple,Thanjavur,Thirubuvanam,,,Sri Kambahareswarar (Shiva Linga),TM014922,Arulmigu Ekambareswarar Temple,53.8,Thanjavur District
t75,Kailasanadhar Temple,Kanchipuram District,Kanchipuram,,,Sri Kailasanadhar (Shiva),,,0,
t295,Kailasanathar Temple,Kumbakonam,Vishnupuram,,,Shri Kailasanadhar,,,0,
t239,Kapaleeswarar Temple,Chennai,Mylapore,,,Kapaleeswarar (Lord Shiva),TM000001,Arulmigu Kapaleeswarar Temple,80.0,Chennai District
t267,Karkadeswarar Temple,Thanjavur,Thirundhuthevankudi,,,Karkadeswarar (Swayambumurthy),TM018168,Arulmigu Karkadeswarar Temple,60.0,Thanjavur District
t167,Karukudinatha Swamy Temple,Kumbakonam,Marudhanallur,,,Sri Karukudinathar (form of Shiva),,,0,
t210,Arulmigu Panapureeshwarar Temple,Thanjavur,Govindapuram,,,Arulmigu Panapureeshwarar (Lord Shiva),TM018167,Arulmigu Panapureeswarar Temple,58.1,Thanjavur District
t116,Thiru Kutrala Natha Swamy Temple,Tirunelveli,Kutralam,,,Thiru Kutrala Nathar Swamy,TM037894,Arulmigu Thirumoolanathaswamy Temple,45.3,Tirunelveli District
t270,Lakshmipureeswaraswamy Temple,Nagapattinam,Thirunandriyur,,,"Mahalakshmeesar, Lakshmipureeswarar, Mahalakshminadhar",TM014671,Arulmigu Vedapureeswaraswamy Temple,46.8,Nagapattinam District
t188,Mahalinga Swamy Temple,Tanjavur,Thiruvidaimarudur,,,Sri Mahalinga Swamy,,,0,
t145,Mangalanthar Temple,Ramanathapuram,Utharakosa mangai,,,Mangalanathar (Shiva),TM035905,Arulmigu Mangalanathaswami Temple,45.5,Ramanathapuram District
t154,Manikarnikeswarar Temple,Tanjore,Thanjavur,,,Sri Manikarnikeshwar,TM014005,Arulmigu Manikarnekeswarar Temple,76.5,Thanjavur District
t166,Kasi Viswanatha Swamy Temple,Thanjavur,Kumbakonam,,,Sri Kasi Viswanatha Swamy,TM018006,Arulmigu Kasiviswanatha Swamy Temple,78.5,Thanjavur District
t115,Sri Kasi Viswanatha Swamy Temple,Tirunelveli,Tenkasi,,,Sri Kasi Viswanathar,TM039284,Arulmigu Kasiviswanatha Swamy Temple,58.5,Tirunelveli District
t186,Manognanadhaswamy Temple,Tanjore,Thiruneelakkudi,,,Sri Manognanadhaswamy,TM018135,Arulmigu Manokkiyanathasway Temple,64.6,Thanjavur District
t2,Marudanda Nadeswarar Temple,Trichy,Aangarai,,,Marudanda Nadeswarar,TM025235,Arulmigu Maruthandeeswarar Temple,45.4,Thiruchirappalli District
t20,Marundheeswarar Temple,Trichy,Koothappar,,,Marundheewarar (Lord Shiva),TM025235,Arulmigu Maruthandeeswarar Temple,52.5,Thiruchirappalli District
t38,Matruraivaradeeswarar Temple,Trichy,Thiruvasi,,,"Matrurau Varadeeswarar (aka Samevaneswarar, matrari Varadhar)",TM027246,Arulmigu Mattrudaivaratheeswarar Tharmam,63.8,Thiruchirappalli District
t261,Mayuranatharswami Temple,Nagapattinam,Mayiladuthurai,,,"Mayuranatharswami, Vallalar, Gowri Mayuranathar, Gowri Thandavaresar",TM014704,Arulmigu Naganathaswamy Temple,42.6,Nagapattinam District
t65,Meenatchi Sundareshwarar Temple,Pudukottai,Arimalam,,,Sundareshwarar (Shiva),,,0,
t211,Nadanapureeswarar Temple,Thanjavur,Thandonthottam,,,Nadanapureeswarar (Lord Shiva),TM018950,Arulmigu Nadanapureeswarar Temple,60.0,Thanjavur District
t225,Thirunaganadha Swamy(Raghu)Temple,Tanjore,Thirunageshvaram,,,Sri Thirunaganadhaswamy,TM046958,Arulmigu Thirukaalanathaswamy Temple,36.2,Thanjavur District
t223,Naganadha Swamy Temple (Kethu Isthalam),Nagai,Keelaperumpallam,,,Sri Naganadha Swamy,,,0,
t160,Nageswarar Swamy Temple,Tanjore,Kumbakonam,,,Sri Nageswarar,TM018044,Arulmigu Naageswara Swamy Temple,76.2,Thanjavur District
t61,Sri Dharma Samvarthini Ambal Samedha Sri Namapureeswarar Temple,Pudukkottai,Alangudi,,,Namapureeswarar,TM025542,Arulmigu Namapureeswarar temple,46.9,Pudukkottai District
t37,Nedungula Nather Temple,Trichy,Thirunedungulam,,,"Nedungalanadhar (Nithya Sundareswarar, Easan)",TM025785,Arulmigu Thirunedungalanathaswamy Temple,36.0,Thiruchirappalli District
t44,Neelivaneswarar Temple,Trichy,Thirupanjali,,,"Neelivaneswarar, Neela Kandeswarar, Vazhai Vananathar, Swetha Giri",TM025846,Arulmigu Gneeliwaneswarar Temple,54.2,Thiruchirappalli District
t105,Sri Nellaiappar - Gandhimadhi Amman temple,Tirunelveli,Tirunelveli,,,Nellaiappar (Shiva),TM037881,Arulmigu Nellaiyappar Arultharum Kanthimathiamman Temple,63.9,Tirunelveli District
t204,Oorudaiappar Temple,Thanjavur,Thiruppandhaal,,,Oorudaiappar,TM019017,Arulmigu Muniappar Temple,40.0,Thanjavur District
t24,Panchavarneswarar Temple,Trichy,Woraiyur,,,"Panchavarneshwarar, Sri Mukkisurathadigal",TM025714,Arulmigu Panchavarnasamy Temple,65.0,Thiruchirappalli District
t171,Pasupadeswaraswamy Temple,Tanjore,Pandanainallur,,,Sri Pasupadeswarar,TM014218,Arulmigu Pasupatheeswara Swamy Temple,52.3,Thanjavur District
t274,Parvatheeswarar Temple,Thiruvarur,Injikudi,,,Parvatheeswarar,TM017214,Arulmigu Parvatheeswarar Temple,60.0,Thiruvarur District
t125,Payaraneeswarar Temple,Ariyalur,Udayarpalayam,,,"Payaraneeswarar, Murkabureeswarar, Payaraneenadhar",TM029121,Arulmigu Payareneeswarar Temple,56.0,Ariyalur District
t250,Sri Piralaya Kaleeswarar Temple,Cuddalore,Pennadam,,,"Piralaya Kaleeswarar (Lord Shiva), Sudar Kozhundeeswarar",TM020411,Arulmigu Piralayakaleyswarar Temple,75.4,Cuddalore District
t185,Prananadha Swamy Temple,Tanjore,Thirumangalakkudi,,,Sri Prananadha Swamy,TM018038,Arulmigu Prananathaswamy Temple,54.2,Thanjavur District
t296,Prathyaksh Parameswar Temple,Kumbakonam,Thethiyur,,,Prathyaksh Parameswar,,,0,
t153,Kailasanathar Temple,Thanjavur,Punnainallur,,,Sri Kailasanathar (Lord Shiva),TM014049,Arulmigu Kailasanathar Temple,80.0,Thanjavur District
t277,Pushpavaneswarar Temple,Thanjavur,Melai Tirupoonduruthi,,,"Pushpavaneswarar, Adipuranar, Poyyiliar",TM014156,Arulmigu Puspavaneswarar Temple,58.1,Thanjavur District
t86,Ramanadha Swamy Temple,Tiruvarur,Ramanadheecharam,,,Ramanadha Swamy,,,0,
t192,Sri Parvathavardhini Ambiga Samedha Sri Ramanatha Swamy Temple,Tanjore,Nachiyar Kovil,,,Ramanatha Swamy,TM015324,Arulmigu Vathalai Viswanatha Swami Temple,33.2,Thanjavur District
t96,Rameswaram Ramanathaswamy Temple,Ramanathapuram,Rameswaram,,,"Ramanathaswamy, Ramaligeswarar",TM035671,Arulmigu Ramanathaswamy Temple,63.1,Ramanathapuram District
t264,Sattainathar Temple,Nagapattinam,Sirkazhi,,,"Sattainathar (also called Dhandabani, Vaduganathar, Abaduththaranar)",TM014689,Arulmigu Nadutharinathar Temple,44.4,Nagapattinam District
t195,Somanatha Swamy Temple,Tanjore,Keezha Pazhayarai,,,Sri Somanatha Swamy (Lord Shiva),TM014069,Arulmigu Somanatha Swamy Temple,60.0,Thanjavur District
t262,Somanathaswami Temple,Nagapattinam,Needur,,,Somanathaswami (Somaskandhar),TM016076,Arulmigu Somanatha Swamy Temple,53.8,Nagapattinam District
t161,Someswara Swamy Temple,Tanjore,Kumbakonam,,,"Sri Someswarar, Sikkesar, Somanadhar",TM018005,Arulmigu Kodeeswaraswamy Temple,68.0,Thanjavur District
t182,Sundareshwara Swamy Temple,Thanjavur,Thiruvidaimarudur,,,Sri Sundareshwara Swamy,TM018052,Arulmigu Sundareswara Swamy Temple,58.4,Thanjavur District
t22,Sundareswarar Temple,Karur,Nangavaram,,,Sundareswarar (Lord Shiva),TM025365,Arulmigu Sundareshwarar Temple,77.8,Karur District
t88,Suyambunadhar Temple,Thiruvarur,Peralam,,,Suyambunadhar,TM014558,Arulmigu Suyamboonatha Swami Temple,57.5,Thiruvarur District
t224,Swedaranyeswarar(Budha) Temple,Nagapattinam,Thiruvenkadu,,,Sri Swedaranyeswarar (Form of Shiva),TM014589,Arulmigu Vedaranyeswaraswamy Temple,40.0,Nagapattinam District
t156,Thanjavur Brihadeeswarar Temple (Big Temple),Thanjavur,Thanjavur,,,"Biragatheeshvarar, Peruvudaiyar",TM014739,Arulmigu Sithanantheeswarar Temple,47.1,Thanjavur District
t119,Thanu Malayan Temple,Kanyakumari,Suchindram,,,"Thanu Malayan (Combined form of Vishnu, Brahma, and Shiva)",TM038367,Arulmigu Thanumalayan Temple,57.6,Kanyakumari District
t13,Tharugavaneshwarar Temple,Tiruchirappalli,Thirupparaithurai,,,Tharugavaneshwarar [Paraaithurai Nathar],TM025820,Arulmigu Tharuganeshwarar Temple,76.5,Thiruchirappalli District
t36,Thayumanavar Swamy Temple,Trichy,Arasalur,,,Arulmigu Thayumanava Swami (Lord Shiva),TM025712,Arulmigu Thayumanaswamy Temple,72.5,Thiruchirappalli District
t172,Thenupureeswarar Temple,Tanjore,Patteshvaram,,,Sri Thenupureeswarar,TM018013,Arulmigu Dhenupureeswarar Temple,56.2,Thanjavur District
t199,Thepperumanallur Shiva Temple,Thanjavur,Kumbakonam,,,Thepperumanallur Shiva (Lord Shiva without reincarnation),TM018175,Arulmigu Thenpalaniandavar Temple,47.7,Thanjavur District
t70,Thiruthali Nadhar Temple,Sivagangai,Thiruputhur,,,Sri Thiruthali Nadhar (Shiva),TM035788,Arulmigu Thiruthalinatha Swamy Temple,44.2,Sivagangai District
t39,Panchanadeeswarar Temple,Tanjore,Thiruvaiyaru,,,Panchanadeeswara Swamy (Iyyarappar),TM015198,Arulmigu Panchanadeeswarar Temple,60.0,Thanjavur District
t253,Thiruvalleeswarar Temple,Chennai,Padi,,,"Thiruvalleeswarar, Thiruvalithaya Nadhar",TM000102,Arulmigu Thiruvallishwarar Temple,72.9,Chennai District
t90,Uthira Pasupatheeswarar Temple,Thiruvarur,Thiruchengattangudi,,,"Uthira Pasupatheeswarar, Aathivana Nadhar, Mandirapureeswarar, Brahmapureeswarar, Baskarapureeswarar",TM017626,Arulmigu Uthirapatheeswarar Temple,52.7,Thiruvarur District
t228,Vaidhyanatha Swamy(Mangal) Temple,Nagai District,Vaitheeswaran Koil,,,Sri Vaidyanatha Swamy (Lord Shiva),,,0,
t71,Vairavar Temple,Sivagangai,Vairavanpatti,,,Valaroli Nadhar (Vairavan),TM036020,Arulmigu Thaneer Iyanar Temple,47.3,Sivagangai District
t128,Vaideeswaran Temple,Cuddalore,Tittakudi,,,Sri Vaideeswaran (Lord Shiva),TM021605,Arulmigu Valeeswarar,47.0,Cuddalore District
t135,Vaidyandhaswamy Temple,Virudhunagar,Srivilliputhur,,,Vaidya Nadha Swamy,TM035857,Arulmigu Palaniandavar Temple,50.0,Virudhunagar District
t217,Veerabhadra Swamy Temple,Tanjore,Kumbakonam,,,Veerabhadra Swamy,TM018048,Arulmigu Ramaswamy Temple,56.9,Thanjavur District
t284,Thanjapureeswarar Temple,Thanjavur,Vennatrangarai,,,Thanjapureeswarar,TM018136,Arulmigu Banapureeswarar Temple,52.5,Thanjavur District
t127,Virudhagireeswarar Temple (Pazhamalai Nathar),Cuddalore,Virudhachalam,,,Virudhagireeswarar (or) Pazhamalai Nathar (or) Mudhugundhar,TM022324,Arulmigu Manthirasudamani Temple,35.7,Cuddalore District
t62,Arulmigu Vijayalaya Choleeshwarar Temple,Pudukkottai,Narthamalai,,,Shiva,TM025655,Arulmigu Jamubukeswarar Temple,48.4,Pudukkottai District
t111,Aadhinadha Perumal Temple,Thoothukudi,Azhwar Thirunagari,,,Aadhinadha perumal (Vishnu),TM040825,Arulmigu Sivanaintha Perumal Temple,45.4,Thoothukudi District
t218,Amirdha Narayana Perumal Temple,Nagapattinam,Thirukkadaiyur,,,Amirdha Narayana Perumal,TM014629,Arulmigu Yathava Narayana Perumal Temple,50.0,Nagapattinam District
t5,Appala Ranganatha Swamy Koviladi,Tanjore,Koviladi,,,"Appala Ranganathar, Appa Kudathan",TM014219,Arulmigu Appalarenganathar Swamy Temple,65.8,Thanjavur District
t10,Kamalavalli Thayar Samedha Arasaba Vimoshana Perumal Temple,Tanjore,Thirukandiyur,,,"Hara Saba Vimoshana Perumal, Palinathan, Kamala Nathan, Prigu Nathan",TM015398,Arulmigu Kailasanathar And Varatharaja Perumal Temple,36.4,Thanjavur District
t138,Azhagar Temple,Madurai,Madurai,,,"Kallazhagar, Paramaswamy, Sundararajar(Shiva)",TM031995,Arulmigu Vinayagar Temple,57.5,Madurai District
t310,Azhagiya Singar Temple,Nagapattinam,Thiruvali Thirunagari,,,"Azhagiya Singar (Lakshmi Narasimhar), Vayalali Manavalan",TM015913,Arulmigu Azhakiyanathar Temple,41.4,Nagapattinam District
t130,Bhoovaraga Swamy Temple,Cuddalore,Sri Mushnam,,,Bhoovaraga Swamy (Vishnu in Varaha Avatar),TM020412,Arulmigu Poovaraga Samy Temple,52.0,Cuddalore District
t214,Dasavathara Perumal Temple,Thanjavur,Kumbakonam,,,Dasavathara Perumal/Vishnu,TM018285,Arulmigu Varatharajaperumal,65.4,Thanjavur District
t109,Erattai Thiruppathi Temple (Kedhu),Thoothukudi,Thirutholaivilli mangalam,,,Aravindalosanam (or) Swami Senthamarai Kannan,TM038202,Arulmigu Vaikundapathi Temle,31.7,Thoothukudi District
t108,Erattai Tirupathi Temple (Raghu),Thoothukudi,Thirukkulai Villimangalam,,,Devarpiran (Lord Vishnu),TM038202,Arulmigu Vaikundapathi Temle,32.9,Thoothukudi District
t147,Govindaraja Perumal Temple,Thanjavur,Thanjavur,,,Govindaraja Perumal,TM013998,Arulmigu Govindaraja Perumal Temple,80.0,Thanjavur District
t16,Prasanna Venkatesa Perumal Temple,Trichy,Gunaseelam,,,Sri Prasanna Venkatesa Perumal (Vishnu),TM028446,Arulmigu Prasanna Vengadesaperumal Temple,54.1,Thiruchirappalli District
t126,Arulmigu Veeranarayana Perumal Temple,Ariyalur,Guruvalapparkovil,,,Arulmigu Veeranarayana Perumal,TM025253,Arulmigu Veeranarayanaperumal Temple,58.5,Ariyalur District
t170,Jagannatha Perumal Temple,Thanjavur,Kumbakonam,,,"Sri Jagannatha Perumal, Srinivasa Perumal",TM018285,Arulmigu Varatharajaperumal,60.0,Thanjavur District
t144,Aadhi Jagannatha Perumal Temple,Ramanathapuram,Thiruppullani,,,Sri Jagannatha Perumal,TM035899,Arulmigu Aadhijeganathaperumal Temple,73.3,Ramanathapuram District
t112,Kaisina Vendhan Temple,Thoothukudi,Thirupuliyangudi,,,"Kaisina vendhan, Bhujanga Sayanam, Kizhaku Paartha Thirumuga Mandal",TM038197,Arulmigu Kaaisina Vendhar Thirukkoil,40.0,Thoothukudi District
t122,Kaliyuga Varadharaja Perumal Temple,Ariyalur,Kallankurichi,,,Kaliyuga Varadharaja Perumal (Vishnu),TM025260,Arulmigu Kaliyugavaradharajaperumal Temple,77.8,Ariyalur District
t244,Kaattazhagiya Singaperumal Temple,Tiruchirappalli,Sri Rangam,,,Kaattazhagiya Singar (Narasimha Avatar),TM028377,Arulmigu Kalpatti Narasinga Perumal Temple,43.8,Thiruchirappalli District
t97,Godhandaramar Temple,Ramanathapuram,Rameswaram,,,Godhandaramar (Lord Rama),TM035684,Arulmigu Godhanda Ramar Temple,77.8,Ramanathapuram District
t139,Koodal Azhagar Temple,Madurai,Madurai,,,Koodal Azhagar (Vishnu),TM031992,Arulmigu Koodalagar Temple,70.0,Madurai District
t99,Lakshmana Swamy Theertham,Ramanathapuram,Rameswaram,,,"Shri Ram, Shri Lakshman",TM035672,Arulmigu Lakshmaneshwarar Temple,58.0,Ramanathapuram District
t220,Lakshminarasimhar Temple,Namakkal,Namakkal,,,Lakshminarasimhar (Vishnu),TM005148,Arulmigu Sakthivinayagar Temple,53.8,Namakkal District
t200,Lakshmi Narayana Perumal Temple,Tanjore,Thepperumanallur,,,Sri Lakshmi Narayana Perumal,TM015010,Arulmigu Lakshmi Narayana Perumal Temple,60.0,Thanjavur District
t241,Shri Sarvamangala Sri Lakshmi Narasimha Swamy Temple,Chennai,Chennai,,,Sri Lakshmi Narasimha,TM000383,Arulmigu Prasanna Vengatesa Narasimma Swamy Temple,55.7,Chennai District
t107,Magara Nedunkuzhaikadhan Temple,Thoothukudi,ThenThirupperai,,,Sri Magara Nedunkuzhaikadhan,TM041638,Thiruvona  Kattalai Joint Arulmigu Magaranedunkulaikkathar Temple,48.1,Thoothukudi District
t106,Maya koothar Temple (Sani),Thoothukudi,Perungulam,,,Venkadavanan (Mayakoothar),TM041537,Arulmigu Pathra Kaliamman Temple,42.9,Thoothukudi District
t168,Seenivasa Perumal Temple,Thanjavur,Nachiyar Kovil,,,Sri Seenivasa Perumal,TM014170,Arulmigu Srinivasa Perumal Temple,52.9,Thanjavur District
t31,Navaneetha Krishna Perumal Temple,Trichy,Arasalur,,,Navaneetha Krishna Perumal,TM025713,Arulmigu Navaneethakrishaperumal Temple,76.3,Thiruchirappalli District
t179,Venkatachalapathy Swamy Temple (Oppiliappan Temple),Kumbakonam,Thirunageshvaram,,,Sri Venkatachalapathy Swamy (Vishnu),,,0,
t81,Pachaivannar Perumal Temple,Kanchipuram District,Kanchipuram,,,Sri Pachchaivannar (Green colored God),,,0,
t79,Pandava Thoothar Perumal Temple,Kanchipuram,Kanchipuram,,,Sri Krishna (Pandava Thoothar),,,0,
t251,Parthasarathy Temple,Triplicane (Thiruvallikeni),Chennai,,,"Parthasarathy, Venkatakrishnar",,,0,
t82,Pavalavalli Thayar Sametha Pavala Vannar Temple,Kanchipuram,Kanchipuram,,,Sri Pavalavannar,,,0,
t148,Prasanna Venkatesa Perumal Temple,Thanjavur,Tanjore,,,Arulmigu Prasanna Venkatesa Perumal,TM019166,Arulmigu Prasanna Venkatesa Perumal Temple,60.0,Thanjavur District
t102,Prasanna Venkateswara Temple,,Karur,,,,TM025303,Arulmigu Kalyana Venkatramanaswamy Temple,56.5,Karur District
t25,Prasanna Venkatachalapathy Temple,,Thuraiyur,,,,TM004863,Arulmigu Prasanna Venkatachalapathy Temple,60.0,Salem District
t42,Pundarikatcha Perumal Temple,,Thiruvellarai,,,,TM002914,Arulmigu Pundarikatcha Perumal Temple,60.0,Kancheepuram District
t165,Ramaswamy Temple,,Kumbakonam,,,,TM018048,Arulmigu Ramaswamy Temple,80.0,Thanjavur District
t134,Ranganatha Swamy Temple,,Aadhi Thiruvarangam,,,,TM001157,Arulmigu Ranganatha Swamy Temple,60.0,Chennai District
t176,Saranatha Perumal Temple,,Thirucherai,,,,TM018022,Arulmigu Saranathaperumal Temple,58.2,Thanjavur District
t162,Sarangapani Swamy Temple,,Kumbakonam,,,,TM018018,Arulmigu Sarangapaniswamy Temple,78.2,Thanjavur District
t52,Sathiyamoorthy Perumal Temple,,Thirumayam,,,,TM025605,Arulmigu Sathiyamoorthi Perumal Temple,77.3,Pudukkottai District
t69,Sowmiya Narayana Perumal Temple,,Thirukkoshtiyur,,,,TM001875,Arulmigu Sowmiya Narayana Perumal Temple,60.0,Kancheepuram District
t91,Sowri Raja Perumal Temple,Thiruvarur,Thirukkannapuram,,,,TM017117,Arulmigu Sowrirajaperumal Temple,56.5,Thiruvarur District
t32,Srirangam Ranganathaswamy Temple,,Srirangam,,,,TM025700,Arulmigu Aranganatha Swamy Temple,65.7,Thiruchirappalli District
t34,Sundara Raja Perumal Temple,,Anbil,,,,TM044921,Arulmigu Sundaraja Perumal Temple,75.1,Thiruchirappalli District
t281,Neelamega Perumal Temple (Thanjai Mamani Kovil),,Thanjavur,,,,TM014034,Arulmigu Neelamega Perumal Temple,51.9,Thanjavur District
t259,Lakshmi Narayana Perumal Temple,,Thirumanancheri,,,,TM000380,Arulmigu Lakshmi Narayana Perumal Temple,60.0,Chengalpattu District
t78,Amuthavalli Nachiyar Sametha Ulagalantha Perumal Temple,,Kanchipuram,,,,TM002902,Arulmigu Maragathavalli Thayar Samedha Kariamanicka Perumal Temple,42.9,Kancheepuram District
t133,Ulakalanda Perumal Temple,,Thirukovilur,,,,TM036994,Arulmigu Ulakalantha Perumal Temple,55.1,Sivagangai District
t45,Uthamar Kovil,,Trichy,,,,TM026087,Arulmigu Tharmar Temple,51.4,Pudukkottai District
t205,Vaikunda Perumal Temple,,Thiruppanandal,,,,TM001650,Arulmigu Vaikunda Perumal Temple,60.0,Kancheepuram District
t114,Vaikundanatham Temple,,Sri Vaikundam,,,,TM010191,Arulmigu Vallakondanathar Temple,44.0,Tiruppur District
t83,Vaikunda Perumal Temple,,Kanchipuram,,,,TM001650,Arulmigu Vaikunda Perumal Temple,60.0,Kancheepuram District
t110,Vaitha Manidhi Vishnu Temple,Thoothukudi,Thirukolur,,,,TM038200,Arulmigu Vaithamanithi Perumal Temple,40.0,Thoothukudi District
t202,Vaja thambeeshwarar Temple,,Kumbakonam,,,,TM018115,Arulmigu Gowthameswarar Temple,60.0,Thanjavur District
t303,Van Purushothaman Temple,,Thirunangur,,,,TM000418,Arulmigu Kannapurathamman Temple,40.0,Chennai District
t3,Ananda Krishna Varadharaja Perumal Temple,,Angarai,,,,TM045303,Arulmigu Lakshmi Narayana Perumal Temple,57.2,Krishnagiri District
t74,Varadaraja Perumal Temple,,Kanchipuram,,,,TM000437,Arulmigu Varadaraja Perumal Temple,60.0,Chennai District
t194,Varadaraja Perumal Temple,,Kumbakonam,,,,TM018285,Arulmigu Varatharajaperumal,73.3,Thanjavur District
t302,Varadaraja Perumal Temple,,Thirumanikkoodam,,,,TM000437,Arulmigu Varadaraja Perumal Temple,60.0,Chennai District
t35,Vedha Narayana Perumal Temple,,Thottiyam,,,,TM047118,Arulmigu Lakshmi Narayanaperumal Temple,65.3,
t113,Vijayasana Vishnu Temple,Thoothukudi,Natham,,,,TM038198,Arulmigu Vijayaasana Perumal Thirukkoil,53.2,Thoothukudi District
t80,Yadokthakari Perumal Temple,,Kanchipuram,,,,TM040598,Arulmigu Kanthakarunai Perumal Temple,46.8,Thoothukudi District
t117,Kumarar Temple,,Ilanji,,,,TM022038,Arulmigu Kumarar Temple,60.0,Cuddalore District
t129,Kolanjiappar Temple,,Virudhachalam,,,,TM020365,Arulmigu Kolanciyappar Temple,52.8,Cuddalore District
t76,"Subramaniya Swamy Temple, Kumarakottam",,Kanchipuram,,,,TM036150,Arulmigu Subramaniyaswamy Temple Kalasanthi Kattalai,45.9,Madurai District
t67,Shanmuganadar Temple,,Kundrakudi,,,,TM035787,Arulmigu Shanmuganatha Swamy Temple,61.2,Sivagangai District
t256,Subramanya Swamy Temple,,Kundrathur,,,,TM046192,Arulmigu Subramanya Swamy Temple,60.0,
t249,Mandhiragiri Velayudha Swamy Temple,,Coimbatore,,,,TM012877,Arulmigu Manthirigiri Velayuthaswamy Temple,52.4,Tiruppur District
t240,Subramanya Swamy Temple,,Nanganallur,,,,TM046192,Arulmigu Subramanya Swamy Temple,60.0,
t247,Dhandayuthapani Swamy Temple,,Palani,,,,TM032203,Arulmigu Dhandayuthapaniswamy Temple,78.5,Dindigul District
t142,Subrahmanya Swami Temple,,Pazhamuthircholai,,,,TM001701,Arulmigu Subramaniya Swami Temple,56.5,Kancheepuram District
t85,Navanideswarar Temple (Sikkal Singaravelan),Nagai,Sikkal,,,,,,0,
t175,Swaminadha Swamy Temple,Thanjavur,Swamimalai,,,,TM018002,Arulmigu Swaminatha Swamy Temple,76.2,Thanjavur District
t231,"Subrahmanya Swamy Temple, Thiruchenthur",Tuticorin,Thiruchenthur,,,,,,0,
t143,"Subrahmanya Swami Temple, Thiruparankundram",Madurai,Thiruparankundram,,,,TM032438,Arulmigu Balathandayuthabani Swamy Temple,41.2,Madurai District
t248,"Subrahmanya Swamy Temple, Thirutani",Thiruvallur,Thirutani,,,,,,0,
t238,Vadapalani Murugan Temple,Chennai,Vadapalani,,,,TM000006,Arulmigu Vadapalani Andavar Temple,63.3,Chennai District
t48,"Subramaniya Swamy Temple, Vayalur",Trichy,Vayalur,,,,TM025709,Arulmigu Subramaniya Swamy Temple,60.8,Thiruchirappalli District
t50,"Shanmuganadar Temple, Viralimalai",Pudukkottai,Viralimalai,,,,TM044734,Arulmigu Theppakula Pillaiyar Temple,42.6,Pudukkottai District
t215,Shri Bhagavadh Vinayaga Temple,Thanjavur,Kumbakonam,,,,TM018055,Arulmigu Bhagavath Vinayagar Temple,75.1,Thanjavur District
t68,Karpaka Vinayakar Temple,Shivagangai,Pillayarpatti,,,,,,0,
t235,Swetha Vinayagar Temple,Tanjore,Thiruvalanchuzhi,,,,TM014891,Arulmigu Seethi Vinayagar Temple,52.5,Thanjavur District
t19,Malaikottai Uchipillaiyar Temple,Trichy,Trichy,,,,TM026192,Arulmigu Motai Pillayar Temple,43.1,Thiruchirappalli District
t49,Arulmigu Vellai Vinayagar Temple,Trichy,Thiruverumbur,,,,TM026523,Arulmigu Palguli Vinayagar Temple,67.3,Thiruchirappalli District
t219,Namakkal Anjaneyar Temple,Namakkal,Namakkal,,,,TM004888,Arulmigu Anjaneyar Temple,60.0,Namakkal District
t236,"Anjaneya Temple, Nanganallur",Chennai,Nanganallur,,,,TM000491,Arulmigu Varasithi Vinayagar Temple,40.4,Chennai District
t98,Pancha Muga Anjaneyar Temple,Ramanathapuram,Rameswaram,,,,TM035672,Arulmigu Lakshmaneshwarar Temple,45.9,Ramanathapuram District
t201,"Anjaneyar Temple, Pandanallur",Kumbakonam,Pandanallur,,,,,,0,
t169,Aagasa Mariamman Temple,Thanjavur,Kumbakonam,,,,TM018438,Arulmigu Jalajanthira Mariamman Temple,64.2,Thanjavur District
t209,Arupathumoovar Thottam Amman Temple,Thanjavur,Kumbakonam,,,,TM018651,Arulmigu Aarupathumoovar Gurupoojai Mutt,56.6,Thanjavur District
t206,Arupathu Moovar Temple,Kumbakonam,Thiruvoippadi,,,,,,0,
t203,"Budhan, Thiruvenkadu",Unknown,Unknown,,,,,,0,
t136,"Gneelivaneswarar Temple, Thirupainjeeli",Unknown,Unknown,,,,,,0,
t4,Anbil Mariamman,Unknown,Unknown,,,,,,0,
t149,"Kailasanathar Temple, Thingalur",Unknown,Unknown,,,,,,0,
t157,"Gangudareswarar, Thirugandhacherry",Unknown,Unknown,,,,,,0,
t198,"Brahmapureeswarar Temple, Thirupattur",Unknown,Unknown,,,,,,0,
t246,Madurai Meenakshi Amman,Unknown,Unknown,,,,,,0,
t7,Sri Kumbakonameswarar Temple,Kumbakonam,Kumbakonam,,,,,,0,
t8,Sri Kanchipurameswarar Temple,Kanchipuram,Kanchipuram,,,,,,0,
t11,Sri Erodeeswarar Temple,Erode,Erode,,,,TM010227,Arulmigu Vedhagireeswarar Temple,62.9,Erode District
t12,Sri Dindiguleswarar Temple,Dindigul,Dindigul,,,,TM034101,Arulmigu Pareeswarar Temple,52.3,Dindigul District
t15,Sri Karureswarar Temple,Karur,Karur,,,,TM043214,Arulmigu Aalavantheeswarar Temple,53.1,Karur District
t17,Sri Pudukkottaieswarar Temple,Pudukkottai,Pudukkottai,,,,TM026341,Pudukkottai Devasthanam,63.9,Pudukkottai District
t21,Sri Cuddaloreeswarar Temple,Cuddalore,Cuddalore,,,,TM020366,Arulmigu Padaleeswarar Temple,65.5,Cuddalore District
t23,Sri Tiruvannamalaieswarar Temple,Tiruvannamalai,Tiruvannamalai,,,,TM020343,Arulmigu Arunchalaeswarar Temple,62.2,Tiruvannamalai District
t26,Sri Ariyalureswarar Temple,Ariyalur,Ariyalur,,,,TM043679,Arulmigu Nitheeswarar Temple,55.6,Ariyalur District
t27,Sri Chennaieswarar Temple,Chennai,Chennai,,,,TM000020,Arulmigu Virubacheeswarar Temple,60.0,Chennai District
t28,Sri Trichyeswarar Temple,Trichy,Trichy,,,,TM026318,Arulmigu Mariyamman Temple,46.1,Thiruchirappalli District
t33,Sri Thanjavureswarar Temple,Thanjavur,Thanjavur,,,,TM014739,Arulmigu Sithanantheeswarar Temple,62.4,Thanjavur District
t43,Sri Sivagangaeswarar Temple,Sivaganga,Sivaganga,,,,TM035966,Arulmigu Sasivarneswarar Temple,66.5,Sivagangai District
t46,Sri Virudhunagareswarar Temple,Virudhunagar,Virudhunagar,,,,TM036444,Arulmigu Murugappaswamy Temple,45.5,Virudhunagar District
t51,Sri Dharmapuri Perumal Temple,Dharmapuri,Dharmapuri,,,,TM005221,Arulmigu Ambikaparameswari Amman Temple,46.3,Dharmapuri District
t53,Sri Ariyalur Perumal Temple,Ariyalur,Ariyalur,,,,TM043727,Arulmigu Kaliyaperumalsami Temple,60.0,Ariyalur District
t54,Sri Chennai Perumal Temple,Chennai,Chennai,,,,TM001230,Arulmigu Santha Perumal Temple,61.4,Chennai District
t55,Sri Trichy Perumal Temple,Trichy,Trichy,,,,TM026317,Arulmigu Varatharajaperumal Temple,53.8,Thiruchirappalli District
t56,Sri Madurai Perumal Temple,Madurai,Madurai,,,,TM032532,Arulmigu Madurai Veeraswamy Temple,60.0,Madurai District
t58,Sri Salem Perumal Temple,Salem,Salem,,,,TM007890,Arulmigu Perumal Temple,62.0,Salem District
t60,Sri Thanjavur Perumal Temple,Thanjavur,Thanjavur,,,,TM014779,Arulmigu Varathrajaperumal Temple,62.4,Thanjavur District
t63,Sri Vellore Perumal Temple,Vellore,Vellore,,,,TM001326,Arulmigu Varadaraja Perumal Temple,56.4,Vellore District
t64,Sri Tirupur Perumal Temple,Tirupur,Tirupur,,,,,,0,
t66,Sri Dindigul Perumal Temple,Dindigul,Dindigul,,,,TM032174,Arulmigu Anjaneya Perumal Temple,53.8,Dindigul District
t72,Sri Ramanathapuram Perumal Temple,Ramanathapuram,Ramanathapuram,,,,TM035919,Arulmigu Kadaladaitha Perumal Temple,60.0,Ramanathapuram District
t84,Sri Coimbatore Perumal Temple,Coimbatore,Coimbatore,,,,TM010014,Arulmigu Varatharaja Perumal Temple,55.7,Coimbatore District
t87,Sri Thanjavur Perumal Temple,Thanjavur,Thanjavur,,,,TM014779,Arulmigu Varathrajaperumal Temple,62.4,Thanjavur District
t89,Sri Kanchipuram Perumal Temple,Kanchipuram,Kanchipuram,,,,,,0,
t92,Sri Erode Perumal Temple,Erode,Erode,,,,TM010265,Arulmigu Mangalagiri Perumal Temple,53.8,Erode District
t93,Sri Dindigul Perumal Temple,Dindigul,Dindigul,,,,TM032174,Arulmigu Anjaneya Perumal Temple,53.8,Dindigul District
t95,Sri Namakkal Perumal Temple,Namakkal,Namakkal,,,,TM008957,Arulmigu Anumantharayaperumal Temple,56.7,Namakkal District
t100,Sri Virudhunagar Perumal Temple,Virudhunagar,Virudhunagar,,,,TM036405,Arulmigu Vinnagara Perumal Temple,48.6,Virudhunagar District
t103,"Sri Murugan Temple, Villupuram",Villupuram,Villupuram,,,,,,0,
t104,"Sri Murugan Temple, Tiruvannamalai",Tiruvannamalai,Tiruvannamalai,,,,TM020349,Arulmigu Thirunerannamalai Temple,53.2,Tiruvannamalai District
t118,"Sri Murugan Temple, Tirupur",Tirupur,Tirupur,,,,,,0,
t121,"Sri Murugan Temple, Thoothukudi",Thoothukudi,Thoothukudi,,,,TM038202,Arulmigu Vaikundapathi Temle,40.9,Thoothukudi District
t132,Sri Dharmapuri Amman Temple,Dharmapuri,Dharmapuri,,,,TM005221,Arulmigu Ambikaparameswari Amman Temple,56.9,Dharmapuri District
t137,Sri Madurai Amman Temple,Madurai,Madurai,,,,TM031964,Arulmigu Mariamman Temple,69.1,Madurai District
t140,Sri Tirunelveli Amman Temple,Tirunelveli,Tirunelveli,,,,TM044250,Arulmigu Velininra Amman Temple,57.5,Tirunelveli District
t146,Sri Erode Amman Temple,Erode,Erode,,,,TM010291,Arulmigu Seedeviamman Temple,61.7,Erode District
t150,Sri Karur Amman Temple,Karur,Karur,,,,TM026057,Arulmigu Mariamman Temple,62.0,Karur District
t151,Sri Sivaganga Amman Temple,Sivaganga,Sivaganga,,,,TM035964,Sivagangai Samasthanam Devasthanam Temple,54.3,Sivagangai District
t152,Sri Pudukkottai Amman Temple,Pudukkottai,Pudukkottai,,,,TM026341,Pudukkottai Devasthanam,62.0,Pudukkottai District
t155,Sri Theni Amman Temple,Theni,Theni,,,,TM032293,Arulmigu Gowmariamman Temple,51.3,Theni District
t158,Sri Tiruvannamalai Amman Temple,Tiruvannamalai,Tiruvannamalai,,,,TM020349,Arulmigu Thirunerannamalai Temple,62.2,Tiruvannamalai District
t173,Sri Erode Amman Temple,Erode,Erode,,,,TM010291,Arulmigu Seedeviamman Temple,61.7,Erode District
t178,Sri Sivaganga Amman Temple,Sivaganga,Sivaganga,,,,TM035964,Sivagangai Samasthanam Devasthanam Temple,54.3,Sivagangai District
t183,Sri Cuddalore Amman Temple,Cuddalore,Cuddalore,,,,TM020783,Arulmigu Muthalamman Temple,56.9,Cuddalore District
t189,Sri Chennai Amman Temple,Chennai,Chennai,,,,TM001012,Arulmigu Pachai Amman Temple,68.0,Chennai District
t191,Sri Madurai Amman Temple,Madurai,Madurai,,,,TM031964,Arulmigu Mariamman Temple,69.1,Madurai District
t193,Sri Salem Amman Temple,Salem,Salem,,,,TM004940,Arulmigu Kaliamman Temple,62.0,Salem District
t196,Sri Kumbakonam Amman Temple,Kumbakonam,Kumbakonam,,,,,,0,
t208,"Sri Vinayagar Temple, Virudhunagar",Virudhunagar,Virudhunagar,,,,TM035885,Arulmigu Pramorsava Kattalai At Arulmigu Sokkanatha Swamy Temple Virudhunagar,50.6,Virudhunagar District
t212,"Sri Vinayagar Temple, Tiruvannamalai",Tiruvannamalai,Tiruvannamalai,,,,TM020349,Arulmigu Thirunerannamalai Temple,51.8,Tiruvannamalai District
t216,"Sri Vinayagar Temple, Chennai",Chennai,Chennai,,,,TM001074,Arulmigu Vinayagar Subramania Temple,54.7,Chennai District
t226,"Sri Hanuman Temple, Tirupur",Tirupur,Tirupur,,,,,,0,
t230,"Sri Hanuman Temple, Namakkal",Namakkal,Namakkal,,,,TM008957,Arulmigu Anumantharayaperumal Temple,50.0,Namakkal District
t234,Sri Ramanathapuram Temple,Ramanathapuram,Ramanathapuram,,,,TM035912,Arulmigu Swaminathaswami Temple,57.2,Ramanathapuram District
t237,Sri Cuddalore Temple,Cuddalore,Cuddalore,,,,TM020366,Arulmigu Padaleeswarar Temple,41.8,Cuddalore District
t242,Sri Ariyalur Temple,Ariyalur,Ariyalur,,,,TM043652,Arulmigu Pidariyar Temple,62.4,Ariyalur District
t245,Sri Madurai Temple,Madurai,Madurai,,,,TM032532,Arulmigu Madurai Veeraswamy Temple,53.6,Madurai District
t252,Sri Vellore Temple,Vellore,Vellore,,,,TM001402,Arulmigu Veeravar Temple,44.0,Vellore District
t254,Sri Erode Temple,Erode,Erode,,,,TM010291,Arulmigu Seedeviamman Temple,41.2,Erode District
t255,Sri Dindigul Temple,Dindigul,Dindigul,,,,TM032148,Arulmigu Dhandapani Temple,46.7,Dindigul District
t257,Sri Namakkal Temple,Namakkal,Namakkal,,,,TM004887,Arulmigu Narasimaswamy Temple,48.6,Namakkal District
t260,Sri Pudukkottai Temple,Pudukkottai,Pudukkottai,,,,TM026341,Pudukkottai Devasthanam,58.8,Pudukkottai District
t263,Sri Theni Temple,Theni,Theni,,,,TM032293,Arulmigu Gowmariamman Temple,27.1,Theni District
t265,Sri Villupuram Temple,Villupuram,Villupuram,,,,,,0,
t266,Sri Tiruvannamalai Temple,Tiruvannamalai,Tiruvannamalai,,,,TM020349,Arulmigu Thirunerannamalai Temple,70.3,Tiruvannamalai District
t268,Sri Krishnagiri Temple,Krishnagiri,Krishnagiri,,,,TM006932,Arulmigu Jothivinayagar Temple,44.0,Krishnagiri District
t278,Shri Rajarajeshwari Temple,,Kandamangalam,,,,TM037546,Arulmigu Raja Rajeshwari Temple,57.9,Sivagangai District
